{
  
    "Emoji": {
        "type": "emoji",
        "container": [
            {
                "icon": "😀",
                "text": ""
            },
            {
                "icon": "😁",
                "text": ""
            },
            {
                "icon": "😂",
                "text": ""
            },
            {
                "icon": "🤣",
                "text": ""
            },
            {
                "icon": "😃",
                "text": ""
            },
            {
                "icon": "😄",
                "text": ""
            },
            {
                "icon": "😅",
                "text": ""
            },
            {
                "icon": "😆",
                "text": ""
            },
            {
                "icon": "😉",
                "text": ""
            },
            {
                "icon": "😊",
                "text": ""
            },
            {
                "icon": "😋",
                "text": ""
            },
            {
                "icon": "😎",
                "text": ""
            },
            {
                "icon": "😍",
                "text": ""
            },
            {
                "icon": "😘",
                "text": ""
            },
            {
                "icon": "😗",
                "text": ""
            },
            {
                "icon": "😙",
                "text": ""
            },
            {
                "icon": "😚 ",
                "text": ""
            },
            {
                "icon": "🤗",
                "text": ""
            },
            {
                "icon": "🤔",
                "text": "思考"
            },
            {
                "icon": "😐",
                "text": "面无表情"
            },
            {
                "icon": "😑",
                "text": "面无表情"
            },
            {
                "icon": "😶",
                "text": "没嘴的脸"
            },
            {
                "icon": "🙄",
                "text": "翻白眼"
            },
            {
                "icon": "😏",
                "text": "调戏"
            },
            {
                "icon": "😣",
                "text": "执着"
            },
            {
                "icon": "😥",
                "text": "惊讶"
            },
            {
                "icon": "😮",
                "text": "惊讶"
            },
            {
                "icon": "🤐",
                "text": "封住嘴"
            },
            {
                "icon": "😯",
                "text": "惊讶"
            },
            {
                "icon": "😪",
                "text": "睡觉"
            },
            {
                "icon": "😫",
                "text": "疲惫"
            },
            {
                "icon": "😴",
                "text": "熟睡"
            },
            {
                "icon": "😌",
                "text": "松了一口"
            },
            {
                "icon": "😜",
                "text": "眨眼吐舌"
            },
            {
                "icon": "😝",
                "text": "眯眼吐舌"
            },
            {
                "icon": "🤤",
                "text": "流口水"
            },
            {
                "icon": "😒",
                "text": "不开心"
            },
            {
                "icon": "😓",
                "text": "流汗"
            },
            {
                "icon": "😔",
                "text": "忧郁"
            },
            {
                "icon": "😕",
                "text": "困惑"
            },
            {
                "icon": "🙃",
                "text": "颠倒"
            },
            {
                "icon": "🤑",
                "text": "见钱眼开"
            },
            {
                "icon": "😲",
                "text": "惊讶"
            },
            {
                "icon": "🙁",
                "text": "皱着眉头"
            },
            {
                "icon": "😖",
                "text": "该死"
            },
            {
                "icon": "😞",
                "text": "失望"
            },
            {
                "icon": "😟",
                "text": "焦虑"
            },
            {
                "icon": "😤",
                "text": "怒气"
            },
            {
                "icon": "😢",
                "text": "哭泣"
            },
            {
                "icon": "😭",
                "text": "大声哭泣"
            },
            {
                "icon": "😦",
                "text": "皱眉"
            },
            {
                "icon": "😧",
                "text": "痛苦"
            },
            {
                "icon": "😨",
                "text": "可怕"
            },
            {
                "icon": "😩",
                "text": "疲惫"
            },
            {
                "icon": "😬",
                "text": "扭曲"
            },
            {
                "icon": "😰",
                "text": "焦急的汗"
            },
            {
                "icon": "😱",
                "text": "尖叫"
            },
            {
                "icon": "😳",
                "text": "通红"
            },
            {
                "icon": "😵",
                "text": "晕"
            },
            {
                "icon": "😡",
                "text": "撅嘴"
            },
            {
                "icon": "😠",
                "text": "生气"
            },
            {
                "icon": "😷",
                "text": "戴口罩"
            },
            {
                "icon": "🤒",
                "text": "温度计"
            },
            {
                "icon": "🤕",
                "text": "头巾"
            },
            {
                "icon": "🤧",
                "text": "打喷嚏"
            },
            {
                "icon": "😇",
                "text": "天使"
            },
            {
                "icon": "🤠",
                "text": "牛仔帽"
            },
            {
                "icon": "🤡",
                "text": "小丑"
            },
            {
                "icon": "🤥",
                "text": "说谎"
            },
            {
                "icon": "🤓",
                "text": "书呆子"
            },
            {
                "icon": "😈",
                "text": "微笑"
            },
            {
                "icon": "👿",
                "text": "有角生气"
            },
            {
                "icon": "👹",
                "text": "食人魔"
            },
            {
                "icon": "👺",
                "text": "妖精"
            },
            {
                "icon": "💀",
                "text": "颅骨"
            },
            {
                "icon": "👻",
                "text": "ghost"
            },
            {
                "icon": "👽",
                "text": "外国人"
            },
            {
                "icon": "🤖",
                "text": "机器人"
            },
            {
                "icon": "🙀",
                "text": "疲惫的猫"
            },
            {
                "icon": "😸",
                "text": "猫脸"
            },
            {
                "icon": "💩",
                "text": ""
            },
            {
                "icon": "🙌",
                "text": ""
            },
            {
                "icon": "🖕",
                "text": ""
            },
            {
                "icon": "👍",
                "text": ""
            },
            {
                "icon": "👫",
                "text": ""
            },
            {
                "icon": "👬",
                "text": ""
            },
            {
                "icon": "👭",
                "text": ""
            },
            {
                "icon": "🌚",
                "text": ""
            },
            {
                "icon": "🌝",
                "text": ""
            },
            {
                "icon": "🙈",
                "text": ""
            },
            {
                "icon": "💊",
                "text": ""
            },
            {
                "icon": "😶",
                "text": ""
            },
            {
                "icon": "🙏",
                "text": ""
            },
            {
                "icon": "🍦",
                "text": ""
            },
            {
                "icon": "🍉",
                "text": ""
            },
            {
                "icon": "😣",
                "text": ""
            }
            
        ]
    },
    
   "颜文字": {
        "type": "emoticon",
        "container": [
                {
                    "icon": "OωO",
                    "text": "Author: DIYgod"
                },
                {
                    "icon": "|´・ω・)ノ",
                    "text": "Hi"
                },
                {
                    "icon": "ヾ(≧∇≦*)ゝ",
                    "text": "开心"
                },
                {
                    "icon": "(☆ω☆)",
                    "text": "星星眼"
                },
                {
                    "icon": "（╯‵□′）╯︵┴─┴",
                    "text": "掀桌"
                },
                {
                    "icon": "￣﹃￣",
                    "text": "流口水"
                },
                {
                    "icon": "(/ω＼)",
                    "text": "捂脸"
                },
                {
                    "icon": "∠( ᐛ 」∠)＿",
                    "text": "给跪"
                },
                {
                    "icon": "(๑•̀ㅁ•́ฅ)",
                    "text": "Hi"
                },
                {
                    "icon": "→_→",
                    "text": "斜眼"
                },
                {
                    "icon": "୧(๑•̀⌄•́๑)૭",
                    "text": "加油"
                },
                {
                    "icon": "٩(ˊᗜˋ*)و",
                    "text": "有木有WiFi"
                },
                {
                    "icon": "(ノ°ο°)ノ",
                    "text": "前方高能预警"
                },
                {
                    "icon": "(´இ皿இ｀)",
                    "text": "我从未见过如此厚颜无耻之人"
                },
                {
                    "icon": "⌇●﹏●⌇",
                    "text": "吓死宝宝惹"
                },
                {
                    "icon": "(ฅ´ω`ฅ)",
                    "text": "已阅留爪"
                },
                {
                    "icon": "(╯°A°)╯︵○○○",
                    "text": "去吧大师球"
                },
                {
                    "icon": "φ(￣∇￣o)",
                    "text": "太萌惹"
                },
                {
                    "icon": "ヾ(´･ ･｀｡)ノ\"",
                    "text": "咦咦咦"
                },
                {
                    "icon": "( ง ᵒ̌皿ᵒ̌)ง⁼³₌₃",
                    "text": "气呼呼"
                },
                {
                    "icon": "(ó﹏ò｡)",
                    "text": "我受到了惊吓"
                },
                {
                    "icon": "Σ(っ °Д °;)っ",
                    "text": "什么鬼"
                },
                {
                    "icon": "( ,,´･ω･)ﾉ\"(´っω･｀｡)",
                    "text": "摸摸头"
                },
                {
                    "icon": "╮(╯▽╰)╭ ",
                    "text": "无奈"
                },
                {
                    "icon": "o(*////▽////*)q ",
                    "text": "脸红"
                },
                {
                    "icon": "＞﹏＜",
                    "text": ""
                },
                {
                    "icon": "( ๑´•ω•) \"(ㆆᴗㆆ)",
                    "text": ""
                },
                {
                    "icon": "(｡•ˇ‸ˇ•｡)",
                    "text": ""
                }
        ]
    },
   
    "": {
        "type": "image",
        "container": [

             {
                 "icon":"<img class=\"xiaodianshi\" src=\"https://wfvp.cc/usr/themes/Eliauk/dist/quyin/1huaji.png.gif\"/>",
                  "data":":@(鄙视)",
                 "text":"鄙视"
            }
        ]
    }
    
}
